{"score":0.8823529411764706,"model":[96.80499999999999,52.82499999999999,195.775,-160.22500000000002,13.674999999999999,207.32500000000002,52.27499999999999,-457.455]}
