{"score":0.7419354838709677,"model":[0.36507732077820476,0.04323747386610366,0.4603501719696319,0.48727696640798923,0.014921285476111157,0.5207141723616866,0.34767817649399135,0.13623414739838147],"mutationSize":0.47,"generations":100}
