{"score":0.78125,"model":[0.7302530753544787,0.02521193803526689,0.9512997094065396,0.9974130287510923,0.04225035969278035,0.9173479867133787,0.7086080216941728,0.37420756412525225],"mutationSize":0.47,"generations":100}
