{"score":1,"model":[1.535,0.595,2.005,-3.634999999999999,1.535,5.294999999999998,2.005,-8.334999999999997],"mutationSize":0.47,"generations":1000}
