{
    "score": 0.75,
    "model": [
        0.6372056158767099,
        0.008604746690475062,
        0.94623382688383,
        0.9002436789686965,
        0.05023271254346229,
        0.8930173807953572,
        0.7828828349175863,
        0.3089752629455964
    ],
    "mutationSize": 0.47,
    "generations": 1000
}