{"score":0.8125,"model":[0.22795321983834338,0.08838380734990037,0.42607730498664953,0.25860645770494584,0.26784180782921485,0.6405194225757649,0.5677434188741377,0.3911503691449527,0.27301004489899516],"mutationSize":0.47,"generations":"1000"}
