{"score":0.7741935483870968,"model":[0.3104069526096407,0.10293078695433433,0.5637577664704057,0.21103064732736643,0.3461501119131112,0.8631787602300767,0.7889699063156428,0.6424697843887308],"mutationSize":0.47,"generations":100}
